"('Stephan', 'Palacios')" "Installer 1 Air Conditioning" (703)565-3214 "('83661', 'Payette', 'ID')"
"('Milo', 'Whiteman')" "Manager Management Development" (331)279-4494 "('84520', 'East Carbon', 'UT')"
"('Corine', 'Leary')" "Used Car Renovator" (810)652-4827 "('45334', 'Jackson Center', 'OH')"
"('Ann', 'Leclair')" "Helper Chemical Process" (336)804-2227 "('07950', 'Morris Plains', 'NJ')"
"('Norberto', 'Thiel')" "Banking Teller Receiving" (651)897-4792 "('92004', 'Borrego Springs', 'CA')"
"('Sunny', 'Barker')" "Librarian Technical" (802)391-1194 "('50854', 'Mount Ayr', 'IA')"
"('Valeria', 'Parsons')" "Operator Sewage Plant" (737)686-6088 "('14430', 'Clarkson', 'NY')"
"('Delphine', 'Mccarter')" "Bond Sales Trader" (616)721-3973 "('88415', 'Clayton', 'NM')"
"('Shana', 'Sauer')" "Microfilm Clerk" (423)389-3103 "('48765', 'Turner', 'MI')"
"('Sidney', 'Dolan')" "Truck Driver Dump" (972)450-3673 "('23839', 'Dendron', 'VA')"
"('Jonnie', 'Harness')" "Production Planning & Control Supervisor" (312)555-5124 "('28545', 'Mccutcheon Field', 'NC')"
"('Alpha', 'Musser')" "Museum Scheduler" (347)522-2924 "('78212', 'San Antonio', 'TX')"
"('Rene', 'Clement')" "Engineering Supervisor Admin" (202)242-7318 "('32145', 'Hastings', 'FL')"
"('Carlton', 'Dowell')" "Librarian Acquisitions" (949)446-6341 "('32440', 'Graceville', 'FL')"
"('Danna', 'Potts')" "Dealer Gambling" (620)940-6253 "('57249', 'Lake Preston', 'SD')"
"('Kurtis', 'Cordero')" "Clerk Insurance Claims" (406)157-6024 "('98948', 'Toppenish', 'WA')"
"('Gerry', 'Shivers')" "Surgeon Oral" (980)564-1414 "('86406', 'Lake Havasu City', 'AZ')"
"('Everette', 'Riggins')" "Operator Substation" (281)173-4728 "('20565', 'Washington', 'DC')"
"('Deirdre', 'Mosley')" "Hotel Sales Representative" (718)799-4715 "('90007', 'Los Angeles', 'CA')"
"('Arnulfo', 'Marvin')" "Inspector Airplane" (973)127-2405 "('30268', 'Palmetto', 'GA')"
"('Juliet', 'Packer')" "Operating Room Technician" (847)799-2924 "('68045', 'Oakland', 'NE')"
"('Kia', 'Lightner')" "Fast Food Manager 3" (878)647-1422 "('98331', 'Forks', 'WA')"
"('Emil', 'Liu')" "Protective Signal Monitor" (501)146-5825 "('93277', 'Visalia', 'CA')"
"('Latonia', 'Dulaney')" "Analyst Job" (608)117-3437 "('11570', 'Rockville Centre', 'NY')"
"('Carmelita', 'Toney')" "Data Entry Operator" (515)604-7966 "('46154', 'Maxwell', 'IN')"
"('Bret', 'Blythe')" "Attendant Gas Station" (630)203-6686 "('68943', 'Hardy', 'NE')"
"('Valentin', 'Stackhouse')" "Operator Vacuum Mold Machine" (702)252-2376 "('68922', 'Arapahoe', 'NE')"
"('Chantal', 'Pinckney')" "Warehouse Materials Handler" (215)292-8890 "('92003', 'Bonsall', 'CA')"
"('Renata', 'Duff')" "Clerk Procurement" (586)852-8434 "('45115', 'Decatur', 'OH')"
"('Elouise', 'Welch')" "Lab Technician Calibration" (760)984-3425 "('98266', 'Maple Falls', 'WA')"
"('Simon', 'Gragg')" "Machine Shop Nibbler Operator" (219)842-8799 "('06373', 'Oneco', 'CT')"
"('Shanon', 'Gault')" "Long-Range Planning Director" (413)739-8680 "('85634', 'Sells', 'AZ')"
"('Ivory', 'Pardo')" "Architect Database" (208)256-6123 "('48106', 'Ann Arbor', 'MI')"
"('Samual', 'Florez')" "Mechanic Automobile" (304)662-8702 "('19894', 'Wilmington', 'DE')"
"('Aileen', 'Worth')" "Electrician Maintenance" (445)274-2048 "('38927', 'Enid', 'MS')"
"('Alan', 'Click')" "Music Librarian" (603)286-6978 "('04617', 'Brooksville', 'ME')"
"('Theodora', 'Aiken')" "Manager Office" (702)543-9480 "('24243', 'Dryden', 'VA')"
"('Jamaal', 'Simon')" "Automobile Estimator" (510)755-4852 "('03753', 'Grantham', 'NH')"
"('Tyrell', 'Dunning')" "EMG Technician" (603)535-1870 "('02163', 'Boston', 'MA')"
"('Sophia', 'Cordell')" "Undertaker Assistant" (724)944-7133 "('75979', 'Woodville', 'TX')"
"('Elbert', 'Laster')" "Supervisor Industrial Nursing" (419)902-8473 "('69218', 'Merriman', 'NE')"
"('Delois', 'Bair')" "Credit Representative Bank" (331)542-8560 "('22404', 'Fredericksburg', 'VA')"
"('Stanley', 'Jacobsen')" "Supervisor Legal" (212)286-7826 "('73950', 'Turpin', 'OK')"
"('Shelli', 'Grantham')" "Student Services Director" (956)891-7325 "('34433', 'Dunnellon', 'FL')"
"('Jonathon', 'Mcguire')" "Monitor Surveillance System" (270)275-6166 "('11741', 'Holbrook', 'NY')"
"('Verna', 'Baumgartner')" "Supervisor 2 Accounting" (910)393-2982 "('57030', 'Garretson', 'SD')"
"('Renata', 'Turman')" Governess (734)527-1577 "('75006', 'Carrollton', 'TX')"
"('Royal', 'Haines')" "Product Assembler 1" (316)956-3638 "('25839', 'Fairdale', 'WV')"
"('Gabriela', 'Gulley')" "Sales Area Manager" (959)623-7108 "('70065', 'Kenner', 'LA')"
"('Alonzo', 'Benoit')" "Technician Optomechanical" (859)906-1710 "('22840', 'Mc Gaheysville', 'VA')"
"('Millie', 'Ojeda')" "Engineering Supervisor Generic" (804)271-4542 "('04912', 'Athens', 'ME')"
"('Neville', 'Kline')" Rigger (563)136-9376 "('98411', 'Tacoma', 'WA')"
"('Jamal', 'Fairbanks')" "Line Supervisor Telephone" (727)815-9845 "('13635', 'Edwards', 'NY')"
"('Mariana', 'Peralta')" "Specification Writer" (208)365-4529 "('18453', 'Pleasant Mount', 'PA')"
"('Dominic', 'Valle')" "Business Manager" (574)925-8088 "('33283', 'Miami', 'FL')"
"('Nick', 'Carder')" "Analyst User Support" (835)267-8082 "('30115', 'Canton', 'GA')"
"('Normand', 'Pounds')" "Grader Operator" (470)917-9231 "('04743', 'Fort Kent', 'ME')"
"('Gerry', 'Belton')" "Centrifugal-Extractor Operator" (717)576-6747 "('74871', 'Stonewall', 'OK')"
"('Catalina', 'Dowling')" "Market Research Supervisor" (815)389-3087 "('13697', 'Winthrop', 'NY')"
"('Patty', 'Battle')" "Assembler Metal Fabricator" (318)190-4115 "('60181', 'Villa Park', 'IL')"
"('Ariel', 'Hanlon')" "Design Engineer Product" (321)639-2602 "('19196', 'Philadelphia', 'PA')"
"('Dylan', 'Herrick')" "Materials Scientist" (937)200-5165 "('37013', 'Antioch', 'TN')"
"('Pamela', 'Anglin')" "Medical Home Care Aide Coordinator" (304)160-6794 "('33318', 'Fort Lauderdale', 'FL')"
"('Miguel', 'Tellez')" "Copy Machine Servicer" (307)833-1116 "('70648', 'Kinder', 'LA')"
"('Dora', 'Bostic')" "Dietary Aide" (315)933-2507 "('20552', 'Washington', 'DC')"
"('Melanie', 'Hitt')" "Manager Contract Administration" (835)379-9683 "('46056', 'Markleville', 'IN')"
"('Taylor', 'Fender')" "Export/Import Clerk" (208)493-1881 "('17349', 'New Freedom', 'PA')"
"('Michal', 'Fiore')" "Computer Systems Manager" (785)166-2307 "('80488', 'Steamboat Springs', 'CO')"
"('Erma', 'Arredondo')" "Operator Word Processing" (304)837-2129 "('55798', 'Wright', 'MN')"
"('Woodrow', 'Ridley')" "Teacher Mentally Impaired" (972)397-9612 "('20629', 'Dowell', 'MD')"
"('Monika', 'Rickard')" "Monitor Alarm Signal" (513)291-6295 "('47812', 'Terre Haute', 'IN')"
"('Irma', 'Towle')" "Graphic Specialist/Photosetter" (806)180-3006 "('60441', 'Lockport', 'IL')"
"('Merrill', 'Rees')" "Investigator Credit" (564)606-3526 "('35049', 'Cleveland', 'AL')"
"('Philomena', 'Darnell')" "Shipping Packer" (650)780-8904 "('66111', 'Kansas City', 'KS')"
"('Donnie', 'Navarrete')" Psychologist (409)579-9916 "('52348', 'Vining', 'IA')"
"('Vaughn', 'Brumfield')" "Manager Compensation & Benefits" (757)948-7657 "('97140', 'Sherwood', 'OR')"
"('Caryn', 'Donato')" "Conveyor System Operator" (504)694-3653 "('24879', 'Raysal', 'WV')"
"('Jeremy', 'Dunham')" "Clerk Advertising" (440)723-9392 "('98292', 'Stanwood', 'WA')"
"('Eddie', 'Stillman')" "Social Worker" (920)280-2829 "('42411', 'Fredonia', 'KY')"
"('Dalton', 'Stacy')" "Supervisor Government Sales" (765)498-4109 "('28277', 'Charlotte', 'NC')"
"('Desmond', 'Boyce')" "Furnace Installer & Repairer" (651)170-6842 "('69144', 'Keystone', 'NE')"
"('Ashley', 'Cordero')" "Grocery Buyer" (334)111-6477 "('94153', 'San Francisco', 'CA')"
"('Otis', 'Spurgeon')" "Planning Long-Range Manager" (215)911-8738 "('62942', 'Grand Tower', 'IL')"
"('Melva', 'Navarro')" "Pollution Control Technician" (414)234-6513 "('76714', 'Waco', 'TX')"
"('Otto', 'Willis')" "Molding Machine Injection Operator" (734)845-2913 "('26372', 'Horner', 'WV')"
"('Nichole', 'Beeler')" "Operator Extruder Helper" (262)249-6980 "('34235', 'Sarasota', 'FL')"
"('Georgia', 'Clawson')" "Public Relations Manager" (408)356-6661 "('89107', 'Las Vegas', 'NV')"
"('Travis', 'Nabors')" "Milling/Planing Machine Operator" (646)359-8124 "('56565', 'Nashua', 'MN')"
"('Von', 'Kearney')" Mathematician (765)915-1213 "('67645', 'Lenora', 'KS')"
"('Meredith', 'Simmons')" "Laborer Slaughter" (667)419-8762 "('75932', 'Burkeville', 'TX')"
"('David', 'Redmond')" "Repairer Power Tool" (878)123-7710 "('13215', 'Syracuse', 'NY')"
"('Jaclyn', 'Murry')" Undertaker (952)617-8492 "('26384', 'Linn', 'WV')"
"('Buford', 'Piazza')" "Manager Fast Food 3" (520)141-7938 "('66434', 'Hiawatha', 'KS')"
"('Marcella', 'Berrios')" "Engineer Power Distribution" (909)924-6161 "('63131', 'Saint Louis', 'MO')"
"('Noble', 'Ogle')" Melter (414)554-1583 "('76265', 'Saint Jo', 'TX')"
"('Dora', 'Calderon')" "Technician Pharmacy" (520)769-4114 "('56177', 'Trosky', 'MN')"
"('Mallory', 'Clifton')" "Manager Telecommunications" (835)596-5950 "('35006', 'Adger', 'AL')"
"('Louann', 'Gee')" "Polishing Machine Operator" (409)283-9343 "('57334', 'Ethan', 'SD')"
"('Walter', 'Keeler')" "Mortgage Loan Officer" (541)747-5898 "('41602', 'Auxier', 'KY')"
"('Stanton', 'Pelletier')" "Manager Purchasing" (405)962-5958 "('35895', 'Huntsville', 'AL')"
